id,name,phone,email,city,lastPurchaseDate,totalPurchases,lastProduct,satisfaction,openTickets
C-0001,יוסי כהן,052-5551013,customer01@example.com,תל אביב,2026-09-19,18400,entry,5,0
C-0002,מיכל לוי,053-5551026,customer02@example.com,ירושלים,2026-09-06,9200,interior,4,0
C-0003,דוד מזרחי,054-5551039,,חיפה,2026-08-21,31500,safe_room,5,1
C-0004,רחל אברהם,058-5551052,customer04@example.com,באר שבע,2026-08-04,7800,interior,3,0
C-0005,אבי פרץ,050-5551065,customer05@example.com,נתניה,2026-09-24,14200,security,2,3
C-0006,שרה ביטון,052-5551078,customer06@example.com,אשדוד,2026-07-03,22600,sliding,4,0
C-0007,משה דהן,053-5551091,customer07@example.com,ראשון לציון,2026-05-19,4300,accessories,4,0
C-0008,תמר שפירא,054-5551104,customer08@example.com,פתח תקווה,2026-09-12,27800,entry,5,0
C-0009,עומר חדד,058-5551117,,רמת גן,2026-07-27,11900,interior,1,4
C-0010,נועה פרידמן,050-5551130,customer10@example.com,הרצליה,2026-03-05,16700,security,3,1
C-0011,איתן גולן,052-5551143,customer11@example.com,כפר סבא,2026-08-29,38400,safe_room,4,0
C-0012,ליאת אזולאי,053-5551156,customer12@example.com,רעננה,2026-04-13,8900,interior,4,0
C-0013,יעקב מלכה,054-5551169,customer13@example.com,חולון,2025-12-05,5100,accessories,2,2
C-0014,דנה אוחיון,058-5551182,customer14@example.com,בת ים,2026-08-14,19300,sliding,5,0
C-0015,אלון שטרן,050-5551195,customer15@example.com,מודיעין,2026-07-08,24700,entry,4,0
C-0016,הילה כץ,052-5551208,,רחובות,2026-02-01,13600,interior,3,0
C-0017,רון בן דוד,053-5551221,customer17@example.com,אילת,2026-09-16,6200,accessories,5,0
C-0018,מורן סבן,054-5551234,customer18@example.com,טבריה,2026-06-03,29900,security,1,5
C-0019,גיל רוזנברג,058-5551247,customer19@example.com,עפולה,2026-09-27,33100,safe_room,5,0
C-0020,עדי נחום,050-5551260,customer20@example.com,קריית גת,2026-03-27,10400,interior,4,1
C-0021,שירן מרגלית,052-5551273,customer21@example.com,נס ציונה,2026-07-22,15800,sliding,3,0
C-0022,אורי לוינסון,053-5551286,,זכרון יעקב,2026-09-02,41200,entry,5,0
C-0023,קרן יוסף,054-5551299,customer23@example.com,לוד,2025-10-31,7400,interior,2,1
C-0024,ניר אשכנזי,058-5551312,customer24@example.com,אשקלון,2026-06-27,20500,security,4,0
C-0025,מאיה גבאי,050-5551325,customer25@example.com,נהריה,2026-05-04,12700,interior,4,2
C-0026,בני טל,052-5551338,customer26@example.com,כרמיאל,2026-08-10,26300,safe_room,3,0
C-0027,הדס סויסה,053-5551351,customer27@example.com,יבנה,2026-01-07,9600,sliding,5,0
C-0028,אסף ברק,054-5551364,customer28@example.com,קריית שמונה,2026-09-22,17900,entry,4,1
C-0029,לימור דגן,058-5551377,customer29@example.com,תל אביב,2025-08-17,21800,entry,4,0
C-0030,יהודה עמר,050-5551390,customer30@example.com,ירושלים,2025-04-29,8300,interior,3,0
C-0031,סיגל ורדי,052-5551403,,חיפה,2025-09-07,14900,security,2,2
C-0032,פיני רחמים,053-5551416,customer32@example.com,באר שבע,2024-12-30,5600,accessories,3,0
C-0033,אילנה שלום,054-5551429,customer33@example.com,נתניה,2025-07-03,30700,safe_room,4,0
C-0034,זיו קורן,058-5551442,customer34@example.com,אשדוד,2024-10-21,12300,interior,1,3
C-0035,טלי אלמוג,050-5551455,customer35@example.com,פתח תקווה,2025-09-24,19400,sliding,5,0
C-0036,עמית חיים,052-5551468,customer36@example.com,חולון,2025-02-18,7100,interior,2,1
C-0037,רותם עטיה,053-5551481,customer37@example.com,רמת גן,2024-07-03,23500,entry,3,0
C-0038,שלומי בוסקילה,054-5551494,,רעננה,2025-06-13,16200,security,4,0
C-0039,נעמי ארד,058-5551507,customer39@example.com,חדרה,2026-08-24,10800,interior,4,0
C-0040,גדעון סלומון,050-5551520,customer40@example.com,מבשרת ציון,2026-02-17,34600,safe_room,5,0
